USE [Blogat]
GO
SET IDENTITY_INSERT [dbo].[BlogatUser] ON 

INSERT [dbo].[BlogatUser] ([Id], [FirstName], [LastName], [Nick], [Email], [PasswordHash], [PasswordSalt], [Role], [IsActive]) VALUES (1, N'asdasd', N'zxcxvxzv', N'Admin', N'grtrg', N'39ba0bb69c877d1f4daa6761b4ec281bf0c09b418fdcaceeb41ef26df4ea8bbd71edc3989bd9f235948139db53b0a8e8615bf6ca01d1164df5bc16afe7de4c40', N'1f9b91fa', 2, 1)
INSERT [dbo].[BlogatUser] ([Id], [FirstName], [LastName], [Nick], [Email], [PasswordHash], [PasswordSalt], [Role], [IsActive]) VALUES (2, NULL, NULL, N'csdsv', N'xcvxv', N'c5fabae677d1885afcc3d58b1e854a73a37c7e1ae14f891caf00866880e8e545d30c851a4c77b067d20dc7e939059f29796119e07b3afd765de99c1b4ed5fb38', N'94021fc2', 1, 0)
INSERT [dbo].[BlogatUser] ([Id], [FirstName], [LastName], [Nick], [Email], [PasswordHash], [PasswordSalt], [Role], [IsActive]) VALUES (3, NULL, NULL, N'zxcawwef', N'asadascas', N'4b6207626811b3a0bf7b5ed4efc9d025f9bd4268a4820fcecad9469bdbb8f622a47fc056d0fa9c207bef1959b6b612d490873c4727c84af01aa0b13ceeaa155d', N'3f2da671', 1, 0)
SET IDENTITY_INSERT [dbo].[BlogatUser] OFF
SET IDENTITY_INSERT [dbo].[Topic] ON 

INSERT [dbo].[Topic] ([Id], [UserId], [Title], [Status]) VALUES (1, 1, N'vrtgdgsdf', 1)
INSERT [dbo].[Topic] ([Id], [UserId], [Title], [Status]) VALUES (2, 1, N'ffnfggnf', 0)
INSERT [dbo].[Topic] ([Id], [UserId], [Title], [Status]) VALUES (3, 1, N'qweasdasdzxzxcasdqwe', 0)
INSERT [dbo].[Topic] ([Id], [UserId], [Title], [Status]) VALUES (4, 1, N'zxcasdqwe asd qwe asd qwe asd qwe ', 0)
SET IDENTITY_INSERT [dbo].[Topic] OFF
SET IDENTITY_INSERT [dbo].[Post] ON 

INSERT [dbo].[Post] ([Id], [UserId], [TopicId], [CreationDate], [Title], [Text]) VALUES (2, 1, 1, CAST(N'2001-06-01 00:00:00.000' AS DateTime), N'nbgdfgh', N'Lorem ipsum dolor sit amet, consectetur adipiscing elit, sed do eiusmod tempor incididunt ut labore et dolore magna aliqua. Ut enim ad minim veniam, quis nostrud exercitation ullamco laboris nisi ut aliquip ex ea commodo consequat. Duis aute irure dolor in reprehenderit in voluptate velit esse cillum dolore eu fugiat nulla pariatur. Excepteur sint occaecat cupidatat non proident, sunt in culpa qui officia deserunt mollit anim id est laborum.')
INSERT [dbo].[Post] ([Id], [UserId], [TopicId], [CreationDate], [Title], [Text]) VALUES (3, 1, 1, CAST(N'2002-04-01 01:00:00.000' AS DateTime), N'htstgsfgd', N'Lorem ipsum dolor sit amet, consectetur adipiscing elit, sed do eiusmod tempor incididunt ut labore et dolore magna aliqua. Ut enim ad minim veniam, quis nostrud exercitation ullamco laboris nisi ut aliquip ex ea commodo consequat. Duis aute irure dolor in reprehenderit in voluptate velit esse cillum dolore eu fugiat nulla pariatur. Excepteur sint occaecat cupidatat non proident, sunt in culpa qui officia deserunt mollit anim id est laborum.')
INSERT [dbo].[Post] ([Id], [UserId], [TopicId], [CreationDate], [Title], [Text]) VALUES (4, 1, 1, CAST(N'2002-05-01 00:00:00.000' AS DateTime), N'hfdgshrwth', N'Lorem ipsum dolor sit amet, consectetur adipiscing elit, sed do eiusmod tempor incididunt ut labore et dolore magna aliqua. Ut enim ad minim veniam, quis nostrud exercitation ullamco laboris nisi ut aliquip ex ea commodo consequat. Duis aute irure dolor in reprehenderit in voluptate velit esse cillum dolore eu fugiat nulla pariatur. Excepteur sint occaecat cupidatat non proident, sunt in culpa qui officia deserunt mollit anim id est laborum.')
INSERT [dbo].[Post] ([Id], [UserId], [TopicId], [CreationDate], [Title], [Text]) VALUES (6, 1, 1, CAST(N'2018-12-04 19:23:22.920' AS DateTime), N'asadas', N'Lorem ipsum dolor sit amet, consectetur adipiscing elit, sed do eiusmod tempor incididunt ut labore et dolore magna aliqua. Ut enim ad minim veniam, quis nostrud exercitation ullamco laboris nisi ut aliquip ex ea commodo consequat. Duis aute irure dolor in reprehenderit in voluptate velit esse cillum dolore eu fugiat nulla pariatur. Excepteur sint occaecat cupidatat non proident, sunt in culpa qui officia deserunt mollit anim id est laborum.')
INSERT [dbo].[Post] ([Id], [UserId], [TopicId], [CreationDate], [Title], [Text]) VALUES (7, 1, 1, CAST(N'2018-12-02 19:23:22.920' AS DateTime), N'asadas', N'Lorem ipsum dolor sit amet, consectetur adipiscing elit, sed do eiusmod tempor incididunt ut labore et dolore magna aliqua. Ut enim ad minim veniam, quis nostrud exercitation ullamco laboris nisi ut aliquip ex ea commodo consequat. Duis aute irure dolor in reprehenderit in voluptate velit esse cillum dolore eu fugiat nulla pariatur. Excepteur sint occaecat cupidatat non proident, sunt in culpa qui officia deserunt mollit anim id est laborum.')
INSERT [dbo].[Post] ([Id], [UserId], [TopicId], [CreationDate], [Title], [Text]) VALUES (8, 1, 2, CAST(N'2018-10-02 20:02:43.847' AS DateTime), N'asdas', N'Lorem ipsum dolor sit amet, consectetur adipiscing elit, sed do eiusmod tempor incididunt ut labore et dolore magna aliqua. Ut enim ad minim veniam, quis nostrud exercitation ullamco laboris nisi ut aliquip ex ea commodo consequat. Duis aute irure dolor in reprehenderit in voluptate velit esse cillum dolore eu fugiat nulla pariatur. Excepteur sint occaecat cupidatat non proident, sunt in culpa qui officia deserunt mollit anim id est laborum.')
INSERT [dbo].[Post] ([Id], [UserId], [TopicId], [CreationDate], [Title], [Text]) VALUES (12, 1, 3, CAST(N'2018-12-28 02:09:54.153' AS DateTime), N'bfgfghrth', N'Lorem ipsum dolor sit amet, consectetur adipiscing elit, sed do eiusmod tempor incididunt ut labore et dolore magna aliqua. Ut enim ad minim veniam, quis nostrud exercitation ullamco laboris nisi ut aliquip ex ea commodo consequat. Duis aute irure dolor in reprehenderit in voluptate velit esse cillum dolore eu fugiat nulla pariatur. Excepteur sint occaecat cupidatat non proident, sunt in culpa qui officia deserunt mollit anim id est laborum.')
INSERT [dbo].[Post] ([Id], [UserId], [TopicId], [CreationDate], [Title], [Text]) VALUES (13, 1, 2, CAST(N'2018-12-28 03:26:59.857' AS DateTime), N'asdaw', N'Lorem ipsum dolor sit amet, consectetur adipiscing elit, sed do eiusmod tempor incididunt ut labore et dolore magna aliqua. Ut enim ad minim veniam, quis nostrud exercitation ullamco laboris nisi ut aliquip ex ea commodo consequat. Duis aute irure dolor in reprehenderit in voluptate velit esse cillum dolore eu fugiat nulla pariatur. Excepteur sint occaecat cupidatat non proident, sunt in culpa qui officia deserunt mollit anim id est laborum.')
SET IDENTITY_INSERT [dbo].[Post] OFF
SET IDENTITY_INSERT [dbo].[Comment] ON 

INSERT [dbo].[Comment] ([Id], [PostId], [AuthorId], [Text], [CreatedAt]) VALUES (1, 2, NULL, N'fghfgfdhdfgdf', CAST(N'2018-11-15 00:07:47.330' AS DateTime))
INSERT [dbo].[Comment] ([Id], [PostId], [AuthorId], [Text], [CreatedAt]) VALUES (2, 2, NULL, N'dasdsdsADad', CAST(N'2018-11-15 00:19:28.397' AS DateTime))
INSERT [dbo].[Comment] ([Id], [PostId], [AuthorId], [Text], [CreatedAt]) VALUES (3, 2, NULL, N'asddaasdfasdf', CAST(N'2018-11-15 00:20:12.537' AS DateTime))
INSERT [dbo].[Comment] ([Id], [PostId], [AuthorId], [Text], [CreatedAt]) VALUES (4, 2, NULL, N'gaadfasdf', CAST(N'2018-11-15 00:20:18.403' AS DateTime))
INSERT [dbo].[Comment] ([Id], [PostId], [AuthorId], [Text], [CreatedAt]) VALUES (5, 3, NULL, N'asdfasdfasdfas', CAST(N'2018-11-15 00:20:25.657' AS DateTime))
INSERT [dbo].[Comment] ([Id], [PostId], [AuthorId], [Text], [CreatedAt]) VALUES (6, 3, NULL, N'grgsfsdersgfghxfxcvbcdsgsdfgdshfsgh', CAST(N'2018-11-15 01:30:00.467' AS DateTime))
INSERT [dbo].[Comment] ([Id], [PostId], [AuthorId], [Text], [CreatedAt]) VALUES (7, 3, NULL, N'bfgbfgbfbf', CAST(N'2018-12-18 02:27:44.623' AS DateTime))
INSERT [dbo].[Comment] ([Id], [PostId], [AuthorId], [Text], [CreatedAt]) VALUES (8, 3, NULL, N'gnghcngcncgh', CAST(N'2018-12-18 02:31:50.793' AS DateTime))
INSERT [dbo].[Comment] ([Id], [PostId], [AuthorId], [Text], [CreatedAt]) VALUES (9, 4, NULL, N'sdfsdfsdfsdfsdfsdf', CAST(N'2018-12-19 15:00:56.407' AS DateTime))
INSERT [dbo].[Comment] ([Id], [PostId], [AuthorId], [Text], [CreatedAt]) VALUES (10, 7, NULL, N'csdcsdcsdcsdc', CAST(N'2018-12-19 19:29:52.680' AS DateTime))
INSERT [dbo].[Comment] ([Id], [PostId], [AuthorId], [Text], [CreatedAt]) VALUES (12, 13, 1, N'bfghhgxhftxhxhf fx fht fxhtsdkbsfksdsdfj sjfdskfdjkfdj', CAST(N'2018-12-29 05:23:35.983' AS DateTime))
INSERT [dbo].[Comment] ([Id], [PostId], [AuthorId], [Text], [CreatedAt]) VALUES (13, 13, 1, N'kajsbkda skad askj aksjdajkd kajja skda jdjkasj adk jsdas sdjak j dsakj sadkj jda sdkjada sj as kdj jdaj kj sda jkdj dasaj k jasdj askj sa jas jdk asd jdjk adj dkjk aj asj djsajk dasdjd akdj saksd j kasd dsj kasdj dj ajk dsjak j dj akjsj ads jasdk jdas jkj daj kj ksadasjdk sd jsaj j ksadj sdj ksajk sdk j dkadj sjk dsjk adsk ds jj ajk ds a dj kdsaj j dajdkakj j ksdaj kjk da jddaj kdaaj kdj asdsj kdj kaj skajsbkda skad askj aksjdajkd kajja skda jdjkasj adk jsdas sdjak j dsakj sadkj jda sdkjada sj as kdj jdaj kj sda jkdj dasaj k jasdj askj sa jas jdk asd jdjk adj dkjk aj asj djsajk dasdjd akdj saksd j kasd dsj kasdj dj ajk dsjak j dj akjsj ads jasdk jdas jkj daj kj ksadasjdk sd jsaj j ksadj sdj ksajk sdk j dkadj sjk dsjk adsk ds jj ajk ds a dj kdsaj j dajdkakj j ksdaj kjk da jddaj kdaaj kdj asdsj kdj kaj skajsbkda skad askj aksjdajkd kajja skda jdjkasj adk jsdas sdjak j dsakj sadkj jda sdkjada sj as kdj jdaj kj sda jkdj dasaj k jasdj askj sa jas jdk asd jdjk adj dkjk aj asj djsajk dasdjd akdj saksd j kasd dsj kasdj dj ajk dsjak j dj akjsj ads jasdk jdas jkj daj kj ksadasjdk sd jsaj j ksadj sdj ksajk sdk j dkadj sjk dsjk adsk ds jj ajk ds a dj kdsaj j dajdkakj j ksdaj kjk da jddaj kdaaj kdj asdsj kdj kaj s
', CAST(N'2018-12-29 05:24:06.717' AS DateTime))
SET IDENTITY_INSERT [dbo].[Comment] OFF
SET IDENTITY_INSERT [dbo].[PasswordGuid] ON 

INSERT [dbo].[PasswordGuid] ([Id], [DynamicGuid], [UserId], [CreatedAt]) VALUES (1, N'514ed137-157c-4dd2-b3d9-6c1b4669d2cb', 1, CAST(N'2001-01-01 00:00:00.000' AS DateTime))
SET IDENTITY_INSERT [dbo].[PasswordGuid] OFF
SET IDENTITY_INSERT [dbo].[GuestMessage] ON 

INSERT [dbo].[GuestMessage] ([Id], [Email], [Name], [Tel], [Message], [SubmittedAt]) VALUES (1, N'asdasd', N'asda', N'qweqweq', N'zxczx', CAST(N'2018-12-28 02:07:07.060' AS DateTime))
INSERT [dbo].[GuestMessage] ([Id], [Email], [Name], [Tel], [Message], [SubmittedAt]) VALUES (2, N'fbgd', N'fghfghfg', N'hthrt', N'cvbcbcvv', CAST(N'2018-12-28 02:07:21.433' AS DateTime))
INSERT [dbo].[GuestMessage] ([Id], [Email], [Name], [Tel], [Message], [SubmittedAt]) VALUES (3, N'sdsdf', N'sdfsf', N'sdfsd', N'sdfsdfsd', CAST(N'2018-12-29 04:16:02.040' AS DateTime))
INSERT [dbo].[GuestMessage] ([Id], [Email], [Name], [Tel], [Message], [SubmittedAt]) VALUES (4, N'sdfsd', N'sdfsds', N'sdfsdf', N'fsdsdssd', CAST(N'2018-12-29 04:16:06.113' AS DateTime))
INSERT [dbo].[GuestMessage] ([Id], [Email], [Name], [Tel], [Message], [SubmittedAt]) VALUES (5, N'sdfsdfs', N'sfdsdsf', N'sdfsdfsd', N'sdfsdfsf', CAST(N'2018-12-29 04:16:13.907' AS DateTime))
INSERT [dbo].[GuestMessage] ([Id], [Email], [Name], [Tel], [Message], [SubmittedAt]) VALUES (6, N'sdfsdf', N'sdfsdfs', N'sdfsdf', N'dfssdfsfsdffs', CAST(N'2018-12-29 04:16:21.737' AS DateTime))
INSERT [dbo].[GuestMessage] ([Id], [Email], [Name], [Tel], [Message], [SubmittedAt]) VALUES (7, N'asdasdas', N'asdasda', N'adsas', N'asdadasdadda', CAST(N'2018-12-29 04:16:28.983' AS DateTime))
INSERT [dbo].[GuestMessage] ([Id], [Email], [Name], [Tel], [Message], [SubmittedAt]) VALUES (8, N'asdada', N'asda', N'sadasd', N'asadadsasda', CAST(N'2018-12-29 04:16:38.657' AS DateTime))
SET IDENTITY_INSERT [dbo].[GuestMessage] OFF
